counter,character_name,character_gender,character_major_or_minor,image,character_type,diagnosis,cause_of_death,treatment,actor,single_or_multiple_episodes,season_episode_code,first_episode_title_underscore,first_episode_title_text,last_episode_title_underscore,last_episode_title_text,seasons_array
27,Abraham,male,minor,https://vignette.wikia.nocookie.net/greysanatomy/images/3/30/12x04Abraham.png/revision/latest/scale-to-width-down/350?cb=20151017100957,patient,['Contusions'],[],['No treatment available'],Lou Cutell,single,['S-12-EP-4'],Old_Time_Rock_and_Roll,Old Time Rock and Roll,Old_Time_Rock_and_Roll,Old Time Rock and Roll,['12']
27,Brad Ackles,male,minor,https://vignette.wikia.nocookie.net/greysanatomy/images/9/98/225Brad.png/revision/latest/scale-to-width-down/350?cb=20130414001053,patient,"['Lacerations', 'Gunshot wound']",[],['Debridement'],Ken Marino,single,['S-2-EP-25'],17_Seconds,17 Seconds,17_Seconds,17 Seconds,['2']
27,Reed Adamson,female,minor,https://vignette.wikia.nocookie.net/greysanatomy/images/3/3d/6x05-9.png/revision/latest/scale-to-width-down/333?cb=20130427113745,intern resident,['Gunshot wound'],"['<h3><span class=""mw-headline"" id=""Shooting_and_Death"">Shooting and Death</span><span class=""editsection""><a href=""/wiki/Reed_Adamson?action=edit&amp;section=9"" title=""Edit Shooting and Death section""><img src=""data:image/gif;base64,R0lGODlhAQABAIABAAAAAP///yH5BAEAAAEALAAAAAABAAEAQAICTAEAOw%3D%3D"" class=""sprite edit-pencil"" />Edit</a></span></h3>\n<figure class=""article-thumb tleft show-info-icon"" style=""width: 180px""> \t<a href=""https://vignette.wikia.nocookie.net/greysanatomy/images/2/25/6x23ReedAdamsonDead.jpg/revision/latest?cb=20130201034452"" \tclass=""image image-thumbnail"" \t \t \t><img src=""data:image/gif;base64,R0lGODlhAQABAIABAAAAAP///yH5BAEAAAEALAAAAAABAAEAQAICTAEAOw%3D%3D"" \t alt=""6x23ReedAdamsonDead""  \tclass=""thumbimage lzy lzyPlcHld "" \t \tdata-image-key=""6x23ReedAdamsonDead.jpg"" \tdata-image-name=""6x23ReedAdamsonDead.jpg"" \t data-src=""https://vignette.wikia.nocookie.net/greysanatomy/images/2/25/6x23ReedAdamsonDead.jpg/revision/latest/scale-to-width-down/180?cb=20130201034452""  \t width=""180""  \t height=""103""  \t \t \t onload=""if(typeof ImgLzy===&#39;object&#39;){ImgLzy.load(this)}""  \t><noscript><img src=""https://vignette.wikia.nocookie.net/greysanatomy/images/2/25/6x23ReedAdamsonDead.jpg/revision/latest/scale-to-width-down/180?cb=20130201034452"" \t alt=""6x23ReedAdamsonDead""  \tclass=""thumbimage "" \t \tdata-image-key=""6x23ReedAdamsonDead.jpg"" \tdata-image-name=""6x23ReedAdamsonDead.jpg"" \t \t width=""180""  \t height=""103""  \t \t \t \t></noscript></a>  \t<figcaption> \t\t \t\t\t<a href=""/wiki/File:6x23ReedAdamsonDead.jpg"" class=""sprite info-icon""></a> \t\t \t\t \t\t \t\t\t<p class=""caption"">Reed Adamson\'s tragic death.</p> \t\t \t</figcaption> </figure>\n<p>While looking for supplies for a patient, Gary Clark asked her where Derek\'s office was. She said she was a surgeon, not a tour guide and needed to attend to a patient having seizures. He immediately shot her in the head, killing her instantly. Her body was discovered by <a href=""/wiki/April_Kepner"" title=""April Kepner"">April Kepner</a>, who slipped in her blood as she passed. <i>(""<a href=""/wiki/Sanctuary"" title=""Sanctuary"">Sanctuary</a>"")</i>\n</p>']",['No treatment available.'],Nora Zehetner,multiple,"['S-6-EP-9', 'S-6-EP-11', 'S-6-EP-5', 'S-6-EP-13', 'S-6-EP-21', 'S-6-EP-6', 'S-6-EP-22', 'S-6-EP-7', 'S-6-EP-23', 'S-6-EP-8', 'S-6-EP-23']",Invasion,Invasion,Sanctuary,Sanctuary,['6']
27,Winnie Adkins,female,minor,https://vignette.wikia.nocookie.net/greysanatomy/images/5/52/13x09WinnieAdkins.png/revision/latest/scale-to-width-down/350?cb=20161118113956,patient,"['Hemothorax', 'Internal bleeding']",[],"['Chest tube', 'Surgery']",Ruby Jay,single,['S-13-EP-9'],You_Haven%27t_Done_Nothin%27,You Haven't Done Nothin',You_Haven%27t_Done_Nothin%27,You Haven't Done Nothin',['13']
27,Kim Allen,female,minor,https://vignette.wikia.nocookie.net/greysanatomy/images/2/2a/6x18KimAllen.png/revision/latest/scale-to-width-down/350?cb=20130828100141,patient,"['Stage IV large-cell lung cancer', 'Pulmonary edema']",[],['Physician-assisted suicide'],Sara Gilbert,single,['S-6-EP-18'],Suicide_is_Painless,Suicide is Painless,Suicide_is_Painless,Suicide is Painless,['6']
27,Grandma Anderson,female,minor,https://vignette.wikia.nocookie.net/greysanatomy/images/e/ee/810Grandma.png/revision/latest/scale-to-width-down/350?cb=20130706224101,patient,['Car accident injuries'],[],['No treatment available'],Evelyn Reese,multiple,['S-8-EP-10'],Dark_Was_the_Night,Dark Was the Night,Suddenly,Suddenly,['8']
27,Holly Anderson,female,minor,https://vignette.wikia.nocookie.net/greysanatomy/images/3/31/510HollyAnderson.png/revision/latest/scale-to-width-down/350?cb=20130506001331,patient,"['Basilar skull fracture', 'Hemopericardium', 'Carotid dissection', 'Cerebrovascular accident', 'Brain Death']",[],"['Craniotomy', 'Surgery', 'Organ Harvest']",Christa B. Allen,single,['S-5-EP-10'],All_By_Myself,All By Myself,All_By_Myself,All By Myself,['5']
27,Jessica Anderson,female,minor,https://vignette.wikia.nocookie.net/greysanatomy/images/1/18/810JessicaAnderson.png/revision/latest/scale-to-width-down/350?cb=20140911030526,patient,['Crash injuries'],[],['Attempted resuscitation'],No actor listed.,single,['S-8-EP-10'],Suddenly,Suddenly,Suddenly,Suddenly,['8']
27,Robert Anderson,male,minor,https://vignette.wikia.nocookie.net/greysanatomy/images/2/2b/810Robert.png/revision/latest/scale-to-width-down/350?cb=20130706224009,patient,"['Crushed pelvis', 'Internal bleeding']",[],"['Pelvic reduction', 'Surgery']",Dan Conroy,multiple,['S-8-EP-10'],Dark_Was_the_Night,Dark Was the Night,Suddenly,Suddenly,['8']
27,Wallace Anderson,male,minor,https://vignette.wikia.nocookie.net/greysanatomy/images/0/03/6x08WallaceAnderson.png/revision/latest/scale-to-width-down/350?cb=20130520104654,patient,"['Short Gut Syndrome', 'Bowel Obstruction', 'Sepsis']",[],"['Total parenteral nutrition', 'Bowel Resection']",Khamani Griffin,single,['S-6-EP-8'],Invest_in_Love,Invest in Love,Invest_in_Love,Invest in Love,['6']
27,Harper Avery,male,minor,https://vignette.wikia.nocookie.net/greysanatomy/images/d/df/14x03HarperAvery.png/revision/latest/scale-to-width-down/350?cb=20171006092046,family,['No diagnosis available'],[],['No treatment available'],Chelcie Ross,multiple,['S-14-EP-3'],Perfect_Little_Accident,Perfect Little Accident,Go_Big_or_Go_Home,Go Big or Go Home,"['6', '14']"
27,Samuel Norbert Avery,male,minor,https://vignette.wikia.nocookie.net/greysanatomy/images/a/a9/11x11SamuelAvery.png/revision/latest/scale-to-width-down/350?cb=20150213060246,family,['Type II osteogenesis imperfecta'],[],['No treatment available.'],No actor listed.,single,['S-11-EP-11'],All_I_Could_Do_Was_Cry,All I Could Do Was Cry,All_I_Could_Do_Was_Cry,All I Could Do Was Cry,['11']
27,Joyce Basche,female,minor,https://vignette.wikia.nocookie.net/greysanatomy/images/1/10/9x20JoyceBasche.png/revision/latest/scale-to-width-down/350?cb=20130414113511,patient,"['MRSA', 'Abscess']",[],['Cefazolin'],Sarah Lilly,multiple,['S-9-EP-21'],She%27s_Killing_Me,She's Killing Me,Sleeping_Monster,Sleeping Monster,['9']
27,Cathy Becker,female,minor,https://vignette.wikia.nocookie.net/greysanatomy/images/0/06/6x06CathyBecker.png/revision/latest/scale-to-width-down/350?cb=20130506191313,patient,"['Burns', 'Second-degree burn', 'Tension pneumothorax', 'Pulmonary edema', 'Acute respiratory distress syndrome', 'Fulminant rhabdomyolysis', 'Multi-system organ failure', 'Disseminated intravascular coagulation']",[],"['Debridement', 'Silver sulfadiazine', 'Cefazolin', 'Ibuprofen', 'Morphine', 'Chest tube', 'Cricothyrotomy', 'Oxygen', 'Central line']",Erinn Hayes,single,['S-6-EP-6'],I_Saw_What_I_Saw,I Saw What I Saw,I_Saw_What_I_Saw,I Saw What I Saw,['6']
27,Ed Beckert,male,minor,https://vignette.wikia.nocookie.net/greysanatomy/images/5/55/7x19EdBeckert.png/revision/latest/scale-to-width-down/350?cb=20130712082029,patient,"[""Alzheimer's disease"", 'Heart condition', 'Myocardial infarction']",[],['No treatment available'],Newell Alexander,single,['S-7-EP-19'],It%27s_a_Long_Way_Back,It's a Long Way Back,It%27s_a_Long_Way_Back,It's a Long Way Back,['7']
27,Grace Bickham,female,minor,https://vignette.wikia.nocookie.net/greysanatomy/images/8/87/215GraceBickham.png/revision/latest/scale-to-width-down/350?cb=20130411140223,patient,['End-stage COPD'],[],"['Hospice care', 'Intubation']",Dona Hardy,single,['S-2-EP-15'],Break_on_Through,Break on Through,Break_on_Through,Break on Through,['2']
27,Andrew Billings,male,minor,https://vignette.wikia.nocookie.net/greysanatomy/images/8/8e/13x05AndrewBillings.png/revision/latest/scale-to-width-down/350?cb=20161021152234,patient,"['Cardiac myxoma', 'Brain death']",[],['Tumor resection'],Don R. Williams,single,['S-13-EP-5'],Both_Sides_Now,Both Sides Now,Both_Sides_Now,Both Sides Now,['13']
27,Charlie Bilson,male,minor,https://vignette.wikia.nocookie.net/greysanatomy/images/6/66/814CharlieBilson.png/revision/latest/scale-to-width-down/350?cb=20130721033007,patient,"['Crush injuries', 'Internal bleeding', 'Broken nose']",[],['Surgery'],John Pollono,single,['S-8-EP-14'],All_You_Need_is_Love,All You Need is Love,All_You_Need_is_Love,All You Need is Love,['8']
27,Dr. Bones,andy,minor,https://vignette.wikia.nocookie.net/greysanatomy/images/f/fa/DrBones.png/revision/latest/scale-to-width-down/350?cb=20140221212420,others,['No diagnosis available'],[],['No treatment available'],No actor listed.,,[],Time_Has_Come_Today,Time Has Come Today,,,[]
27,Heather Brooks,female,minor,https://vignette.wikia.nocookie.net/greysanatomy/images/5/5c/10x01HeatherBrooks.png/revision/latest/scale-to-width-down/350?cb=20130928174225,intern resident,"['Electrocution', 'Brain bleed']","['<h3><span class=""mw-headline"" id=""Electrocution_and_Death"">Electrocution and Death</span><span class=""editsection""><a href=""/wiki/Heather_Brooks?action=edit&amp;section=4"" title=""Edit Electrocution and Death section""><img src=""data:image/gif;base64,R0lGODlhAQABAIABAAAAAP///yH5BAEAAAEALAAAAAABAAEAQAICTAEAOw%3D%3D"" class=""sprite edit-pencil"" />Edit</a></span></h3>\n<p>After the superstorm, Dr. Shepherd told Shane to find Brooks. When he bumped into Brooks, he told her to go and search for Dr. Webber, which Dr. Bailey told him to do. Brooks went into the generator room, searching for Dr. Webber and saw him suffering from electrical shock. She ran to help him and stepped into a water puddle, which had electricity running through it causing her to be electrocuted. Just before she fell, her head hit a generator box and she collapsed. When Shane found her, he and Derek rushed her into surgery. Although\xc2\xa0they repaired her subdural brain bleed,\xc2\xa0she died on the table due to too much swelling in her brain. <i>(""<a href=""/wiki/I_Want_You_With_Me"" title=""I Want You With Me"">I Want You With Me</a>"")</i>\n</p><p>Despite the fact that she died before she finished her internship, a personalized lab coat was accidentally made for her which Shane found in an empty cubby when the interns moved into the residents\' lounge.\xc2\xa0\n</p>']",['Surgery'],Tina Majorino,multiple,"['S-9-EP-1', 'S-9-EP-9', 'S-9-EP-17', 'S-9-EP-2', 'S-9-EP-10', 'S-9-EP-18', 'S-9-EP-11', 'S-9-EP-19', 'S-9-EP-4', 'S-9-EP-20', 'S-9-EP-5', 'S-9-EP-6', 'S-9-EP-14', 'S-9-EP-22', 'S-9-EP-7', 'S-9-EP-15', 'S-9-EP-23', 'S-9-EP-8', 'S-9-EP-16', 'S-9-EP-24', 'S-10-EP-1', 'S-10-EP-2', 'S-10-EP-2']","Going,_Going,_Gone","Going, Going, Gone",I_Want_You_With_Me,I Want You With Me,"['9', '10']"
27,Teresa Brotherton,female,minor,https://vignette.wikia.nocookie.net/greysanatomy/images/6/65/407TeresaBrotherton.png/revision/latest/scale-to-width-down/350?cb=20130427213139,patient,"['Tension pneumothorax', 'Fracture ribs', 'Hemothorax', 'Punctured lung']",[],['Surgery'],Enuka Okuma,single,['S-4-EP-7'],Physical_Attraction..._Chemical_Reaction,Physical Attraction... Chemical Reaction,Physical_Attraction..._Chemical_Reaction,Physical Attraction... Chemical Reaction,['4']
27,Rosemary Bullard,female,minor,https://vignette.wikia.nocookie.net/greysanatomy/images/9/98/507RosemaryBullard.png/revision/latest/scale-to-width-down/350?cb=20130505211032,patient,"['Cancer', 'Brain Tumor']",[],['Tumor resection'],Bonnie Bartlett,single,['S-5-EP-7'],Rise_Up,Rise Up,Rise_Up,Rise Up,['5']
27,Henry Burton,male,minor,https://vignette.wikia.nocookie.net/greysanatomy/images/1/17/8x07-19.jpg/revision/latest/scale-to-width-down/333?cb=20131002193204,family,"['Internal bleeding', 'Tumor', 'Diabetes']","['<h3><span class=""mw-headline"" id=""Death"">Death</span><span class=""editsection""><a href=""/wiki/Henry_Burton?action=edit&amp;section=10"" title=""Edit Death section""><img src=""data:image/gif;base64,R0lGODlhAQABAIABAAAAAP///yH5BAEAAAEALAAAAAABAAEAQAICTAEAOw%3D%3D"" class=""sprite edit-pencil"" />Edit</a></span></h3>\n<p>Teddy took Henry to the ER. He had a <a href=""/wiki/Computed_Tomography"" title=""Computed Tomography"">CT</a>, which revealed a tumor near his heart, causing bleeding in his lungs and trachea. Richard was planning to operate by opening his chest, but Teddy wanted it done with a bronchoscope. She wanted Cristina to do it. Cristina wasn\'t informed of the patient\'s identity (she was told he was a ""35-year-old male"") until after the surgery. (""<a href=""/wiki/Dark_Was_the_Night"" title=""Dark Was the Night"">Dark Was the Night</a>"")\n</p><p>Cristina explained to Teddy how initially she planned to remove the tumor using a broncoscope and a laser, but as there was too much bleeding, Dr. Webber (who was standing by) had to open him up. When he opened him up, they saw that the tumor had eroded the pulmonary artery and there was too much damage. Dr. Webber and Cristina used extraordinary measures, but his heart could not tolerate the excessive bleeding. He did not survive the surgery. <i>(""<a href=""/wiki/Suddenly"" title=""Suddenly"">Suddenly</a>"")</i>\n</p>']",['Surgery'],Scott Foley,multiple,"['S-7-EP-17', 'S-7-EP-10', 'S-7-EP-18', 'S-7-EP-11', 'S-7-EP-19', 'S-7-EP-12', 'S-7-EP-21', 'S-7-EP-22', 'S-7-EP-15', 'S-8-EP-9', 'S-8-EP-2', 'S-8-EP-10', 'S-8-EP-5', 'S-8-EP-7', 'S-8-EP-8', 'S-8-EP-10']",Adrift_and_at_Peace,Adrift and at Peace,Suddenly,Suddenly,"['7', '8']"
27,Jake Burton,male,minor,https://vignette.wikia.nocookie.net/greysanatomy/images/8/85/218JakeBurton.png/revision/latest/scale-to-width-down/350?cb=20130412061811,patient,['Advanced craniodiaphyseal dysplasia'],[],"['Tumor resection', 'Plastic surgery']",Jesse Plemons,single,['S-2-EP-18'],Yesterday,Yesterday,Yesterday,Yesterday,['2']
27,Rich Campion,male,minor,https://vignette.wikia.nocookie.net/greysanatomy/images/f/fc/9x13RichCampion.png/revision/latest/scale-to-width-down/350?cb=20140721061911,patient,"['Mediastinal hematoma', 'Aortic transection']",[],['Endovascular repair'],Jordan Holland,single,['S-9-EP-13'],Bad_Blood,Bad Blood,Bad_Blood,Bad Blood,['9']
27,Emma Carroll,female,minor,https://vignette.wikia.nocookie.net/greysanatomy/images/0/00/8x18-24.jpg/revision/latest?cb=20130615102634,patient,['No diagnosis available'],[],['Attempted resuscitation'],Elizabeth Franz,single,['S-8-EP-18'],The_Lion_Sleeps_Tonight,The Lion Sleeps Tonight,The_Lion_Sleeps_Tonight,The Lion Sleeps Tonight,['8']
27,Casey,male,minor,https://vignette.wikia.nocookie.net/greysanatomy/images/a/a4/12x08-7.jpg/revision/latest/scale-to-width-down/350?cb=20151120054707,patient,"['Burns', 'Severe lung damage', 'Smoke inhalation', 'Partially-collapsed lung', 'Heart failure', 'Rhabdomyolysis']",[],['Palliative care'],Casey Sander,single,['S-12-EP-8'],Things_We_Lost_in_the_Fire,Things We Lost in the Fire,Things_We_Lost_in_the_Fire,Things We Lost in the Fire,['12']
27,Jason Castor,male,minor,https://vignette.wikia.nocookie.net/greysanatomy/images/2/21/10x17JasonCastor.png/revision/latest/scale-to-width-down/350?cb=20140329161938,patient,"['Hole in his pericardium', 'C3/C4 break', 'Severed Spinal Cord/Paralysis']",[],"['Surgery', 'Ventilator']",Charlie Hofheimer,single,['S-10-EP-17'],Do_You_Know%3F,Do You Know?,Do_You_Know%3F,Do You Know?,['10']
27,Alison Clark,female,minor,https://vignette.wikia.nocookie.net/greysanatomy/images/0/07/5x23-30.jpg/revision/latest/scale-to-width-down/350?cb=20150501131747,patient,['Stage 4 Cancer'],[],['I.L. 2'],Liza Weil,single,['S-5-EP-23'],Here%27s_to_Future_Days,Here's to Future Days,Here%27s_to_Future_Days,Here's to Future Days,['5']
27,Alison Clark,female,minor,https://vignette.wikia.nocookie.net/greysanatomy/images/1/17/6x19AllisonClark.png/revision/latest/scale-to-width-down/350?cb=20130828104655,patient,"['Anemia', 'Internal bleeding', 'Abdominal tumor', 'Acute hemorrhagic stroke', 'Temporal hemorrhage', 'Brain death']","['<h3><span class=""mw-headline"" id=""Hospitalization_and_Death"">Hospitalization and Death</span><span class=""editsection""><a href=""/wiki/Alison_Clark_(Sympathy_for_the_Parents)?action=edit&amp;section=2"" title=""Edit Hospitalization and Death section""><img src=""data:image/gif;base64,R0lGODlhAQABAIABAAAAAP///yH5BAEAAAEALAAAAAABAAEAQAICTAEAOw%3D%3D"" class=""sprite edit-pencil"" />Edit</a></span></h3>\n<p>While at the grocery store with her husband, Alison collapsed. She was anemic and they determined that she had internal bleeding coming from her tumor. <a href=""/wiki/Rebecca_Swender"" title=""Rebecca Swender"">Rebecca Swender</a> had told them that Alison\'s cancer was back, but that they may be able to remove it. <a href=""/wiki/Richard_Webber"" title=""Richard Webber"">Richard Webber</a> promised them he\'d do everything he could. In surgery, Webber believed he could do a local resection. The surgery went well and her husband was told they got good margins and she\'d be okay.\n</p><p>However, when <a href=""/wiki/April_Kepner"" title=""April Kepner"">April Kepner</a> went to wean her off the ventilator, she wasn\'t breathing on her own, so April had to restore previous vent settings. Richard suspected a stroke and had her run a CT and an EEG. She had a stroke and a large bleed. There was nothing they could do as she was already brain dead. Her husband was told that she\'d never wake up. He wanted them to leave the ventilators on, but the advanced directive she\'d signed three years before when she was first diagnosed with cancer specifically said she wanted no mechanical ventilation. They had a meeting where he tried to get them to keep the machines on, but the ethics committee reviewed the case and determined that her advanced directive stood, so they turned the machines off and Alison died.\n</p>']","['Surgery', 'Mechanical ventilation']",Caroline Williams,single,['S-6-EP-19'],Sympathy_for_the_Parents,Sympathy for the Parents,Sympathy_for_the_Parents,Sympathy for the Parents,['6']
27,Gary Clark,male,minor,https://vignette.wikia.nocookie.net/greysanatomy/images/c/c3/6x24-9.jpg/revision/latest/scale-to-width-down/333?cb=20150427183417,patient,['Gunshot wound'],"['<h3><span class=""mw-headline"" id=""Death"">Death</span><span class=""editsection""><a href=""/wiki/Gary_Clark?action=edit&amp;section=5"" title=""Edit Death section""><img src=""data:image/gif;base64,R0lGODlhAQABAIABAAAAAP///yH5BAEAAAEALAAAAAABAAEAQAICTAEAOw%3D%3D"" class=""sprite edit-pencil"" />Edit</a></span></h3>\n<p>From there, he went to the room where his wife died and he sat by himself. He realized that he only had one bullet left. He wanted to shoot Richard and then shoot himself, but he only had enough bullets for one of them, which caused him to want a drink from the flask he\'d brought in place of additional ammo. Webber poured out the vodka in his flask and talked to him, saying that killing him wouldn\'t get him justice. He\'d get arrested and taken to prison, but if he shot himself, he\'d be free and might get to see his wife again. He shot himself rather than be arrested. <i>(""<a href=""/wiki/Death_and_All_His_Friends"" title=""Death and All His Friends"">Death and All His Friends</a>"")</i>\n</p>\n<h2><span class=""mw-headline"" id=""Relationships"">Relationships</span><span class=""editsection""><a href=""/wiki/Gary_Clark?action=edit&amp;section=6"" title=""Edit Relationships section""><img src=""data:image/gif;base64,R0lGODlhAQABAIABAAAAAP///yH5BAEAAAEALAAAAAABAAEAQAICTAEAOw%3D%3D"" class=""sprite edit-pencil"" />Edit</a></span></h2>\n<h3><span class=""mw-headline"" id=""Romantic"">Romantic</span><span class=""editsection""><a href=""/wiki/Gary_Clark?action=edit&amp;section=7"" title=""Edit Romantic section""><img src=""data:image/gif;base64,R0lGODlhAQABAIABAAAAAP///yH5BAEAAAEALAAAAAABAAEAQAICTAEAOw%3D%3D"" class=""sprite edit-pencil"" />Edit</a></span></h3>\n<p>He and Alison Clark had been married for 32 years at the time of her death. He was very upset when she died.\n</p>']",['Pressure gauze'],Michael O'Neill,multiple,"['S-6-EP-19', 'S-6-EP-21', 'S-6-EP-23', 'S-6-EP-24', 'S-6-EP-24']",Sympathy_for_the_Parents,Sympathy for the Parents,Death_and_All_His_Friends,Death and All His Friends,['6']
27,Elsie Clatch,female,minor,https://vignette.wikia.nocookie.net/greysanatomy/images/1/1e/13x17ElsieClatch.png/revision/latest/scale-to-width-down/350?cb=20170324185613,patient,"['Syncope', 'Loculated acute on chronic subdural hematoma']",[],['Craniotomy'],June Squibb,single,['S-13-EP-17'],Till_I_Hear_It_From_You,Till I Hear It From You,Till_I_Hear_It_From_You,Till I Hear It From You,['13']
27,Annie Connors,female,minor,https://vignette.wikia.nocookie.net/greysanatomy/images/1/14/106AnnieConners.png/revision/latest/scale-to-width-down/350?cb=20130402021919,patient,"['Tumor', 'Difficulty breathing']",[],['Tumor resection'],Alex S. Alexander,single,['S-1-EP-6'],If_Tomorrow_Never_Comes,If Tomorrow Never Comes,If_Tomorrow_Never_Comes,If Tomorrow Never Comes,['1']
27,Liz Cooper,female,minor,https://vignette.wikia.nocookie.net/greysanatomy/images/3/35/10x22AnnieLizCooper.png/revision/latest/scale-to-width-down/350?cb=20140510193727,patient,"['High output cardiac failure', 'Blood clot', 'Brain death']",[],['Separation surgery'],Megan Stier,single,['S-10-EP-22'],We_Are_Never_Ever_Getting_Back_Together,We Are Never Ever Getting Back Together,We_Are_Never_Ever_Getting_Back_Together,We Are Never Ever Getting Back Together,['10']
27,Louise Cortez,female,minor,https://vignette.wikia.nocookie.net/greysanatomy/images/5/5b/7x08MrsCortez.png/revision/latest/scale-to-width-down/350?cb=20130828204808,patient,"['Chronic pancreatitis', 'Pancreatic fistula', 'Ruptured splenic artery']",[],"['Drain', 'Surgery']",Bridget Sienna,single,['S-7-EP-8'],Something%27s_Gotta_Give,Something's Gotta Give,Something%27s_Gotta_Give,Something's Gotta Give,['7']
27,Darren Covington,male,minor,https://vignette.wikia.nocookie.net/greysanatomy/images/0/01/414DarrenCovington.png/revision/latest/scale-to-width-down/350?cb=20130429011328,patient,"['Malignant glioma', 'Encephalitis']",[],"['Surgery', 'Clinical trial']",Benny Ciaramello,single,['S-4-EP-14'],The_Becoming,The Becoming,The_Becoming,The Becoming,['4']
27,Bonnie Crasnoff,female,minor,https://vignette.wikia.nocookie.net/greysanatomy/images/6/68/3x17-18.jpg/revision/latest/scale-to-width-down/333?cb=20140208161111,patient,['Massive internal injuries'],[],['Surgery'],Monica Keena,multiple,['S-3-EP-17'],Into_You_Like_a_Train,Into You Like a Train,Some_Kind_of_Miracle,Some Kind of Miracle,"['2', '3']"
27,Elyse Cruse,female,minor,https://vignette.wikia.nocookie.net/greysanatomy/images/d/d7/9x19ElyseCruse.png/revision/latest/scale-to-width-down/350?cb=20130330103141,patient,"['Abdominal bruising', 'Second-degree burns', 'Prolapsed cord']",[],"['C-section delivery', 'Surgery']",Kate Rene Gleason,single,['S-9-EP-19'],Can%27t_Fight_This_Feeling,Can't Fight This Feeling,Can%27t_Fight_This_Feeling,Can't Fight This Feeling,['9']
27,Danny,male,minor,https://vignette.wikia.nocookie.net/greysanatomy/images/3/31/11x17Danny.png/revision/latest/scale-to-width-down/350?cb=20150517151935,patient,"['Biliary atresia', 'Chronic liver rejection', 'Cholangitis']",[],"['Albumin', 'Surgery', 'Shunt']",Alexander Walsh,single,['S-11-EP-17'],With_or_Without_You,With or Without You,With_or_Without_You,With or Without You,['11']
27,Daphne,female,minor,https://vignette.wikia.nocookie.net/greysanatomy/images/f/f2/12x12-14.jpg/revision/latest/scale-to-width-down/350?cb=20160217002715,patient,"['Infection', 'Septicemia', 'Pseudomonas']",[],"['FFP', 'Surgery']",Meredith Salenger,single,['S-12-EP-12'],My_Next_Life,My Next Life,My_Next_Life,My Next Life,['12']
27,Kevin Davidson,male,minor,https://vignette.wikia.nocookie.net/greysanatomy/images/b/b0/KevinDavidson.jpg/revision/latest/scale-to-width-down/350?cb=20090322141443,patient,"['Cerebral edema', 'Traumatic aortic injury', 'Brain Death']",[],['Organ Harvest'],No actor listed.,single,['S-1-EP-3'],"Winning_a_Battle,_Losing_the_War","Winning a Battle, Losing the War","Winning_a_Battle,_Losing_the_War","Winning a Battle, Losing the War",['1']
27,Rachel Dawson,female,minor,https://vignette.wikia.nocookie.net/greysanatomy/images/e/e0/9x21RachelDawson.png/revision/latest/scale-to-width-down/350?cb=20130427062848,patient,"['Frontal lobe hemorrhage', 'Temporal lobe hemorrhage', 'Capgras syndrome', 'Seizure', 'Brain hemorrhage']",[],"['Brain surgery', 'Mannitol', 'CPR']",Enid Graham,multiple,"['S-9-EP-19', 'S-9-EP-20', 'S-9-EP-21', 'S-9-EP-21']",Can%27t_Fight_This_Feeling,Can't Fight This Feeling,Sleeping_Monster,Sleeping Monster,['9']
27,Kyle Diaz,male,minor,https://vignette.wikia.nocookie.net/greysanatomy/images/1/1b/12x22-15.jpg/revision/latest/scale-to-width-down/350?cb=20160506041910,patient,"['Multiple sclerosis', 'Hand tremor', 'Brain bleed', 'Meningitis', 'Sepsis', 'Periventricular abscess']","['<h3><span class=""mw-headline"" id=""Meningitis_and_Death"">Meningitis and Death</span><span class=""editsection""><a href=""/wiki/Kyle_Diaz?action=edit&amp;section=4"" title=""Edit Meningitis and Death section""><img src=""data:image/gif;base64,R0lGODlhAQABAIABAAAAAP///yH5BAEAAAEALAAAAAABAAEAQAICTAEAOw%3D%3D"" class=""sprite edit-pencil"" />Edit</a></span></h3>\n<p>Kyle later returned to the ER with what looked like meningitis. <i>(""<a href=""/wiki/Mama_Tried"" title=""Mama Tried"">Mama Tried</a>"")</i>\n</p><p>To be treated for the infection, Kyle had to have his implant removed, which brought back his tremor. He was aggressively treated, but the infection started spreading to his ventricles, so he needed drainage and washout to clean out the infection. He was taken in for surgery, but he started to code and was pronounced dead in the OR. <i>(""<a href=""/wiki/At_Last"" title=""At Last"">At Last</a>"")</i>\n</p>']","['Deep brain stimulation', 'Antibiotics', 'Drainage', 'Ventricular washout']",Wilmer Valderrama,multiple,"['S-12-EP-17', 'S-12-EP-20', 'S-12-EP-21', 'S-12-EP-22', 'S-12-EP-23', 'S-12-EP-23']",I_Wear_the_Face,I Wear the Face,At_Last,At Last,['12']
27,Doc,Male,minor,https://vignette.wikia.nocookie.net/greysanatomy/images/2/21/2x23-4.jpg/revision/latest/scale-to-width-down/350?cb=20140208114724,family,['Cancer'],"['<h3><span class=""mw-headline"" id=""Death"">Death</span><span class=""editsection""><a href=""/wiki/Doc?action=edit&amp;section=6"" title=""Edit Death section""><img src=""data:image/gif;base64,R0lGODlhAQABAIABAAAAAP///yH5BAEAAAEALAAAAAABAAEAQAICTAEAOw%3D%3D"" class=""sprite edit-pencil"" />Edit</a></span></h3>\n<p>Doc\'s cancer spread to his brain and they made the decision to put him to sleep. Although Finn had the means of disposing him, Meredith did not want him thrown away like garbage and so Derek agreed to have him buried at the clearing by trailer, overlooking the water. After he was given the injection, Meredith and Derek stayed with him while he died. <i>(""<a href=""/wiki/Losing_My_Religion"" title=""Losing My Religion"">Losing My Religion</a>"")</i>\n</p>\n<h3><span class=""mw-headline"" id=""Posthumous_History"">Posthumous History</span><span class=""editsection""><a href=""/wiki/Doc?action=edit&amp;section=7"" title=""Edit Posthumous History section""><img src=""data:image/gif;base64,R0lGODlhAQABAIABAAAAAP///yH5BAEAAAEALAAAAAABAAEAQAICTAEAOw%3D%3D"" class=""sprite edit-pencil"" />Edit</a></span></h3>\n<h4><span class=""mw-headline"" id=""Meredith.27s_Near-Death_Experience"">Meredith\'s Near-Death Experience</span><span class=""editsection""><a href=""/wiki/Doc?action=edit&amp;section=8"" title=""Edit Meredith&#039;s Near-Death Experience section""><img src=""data:image/gif;base64,R0lGODlhAQABAIABAAAAAP///yH5BAEAAAEALAAAAAABAAEAQAICTAEAOw%3D%3D"" class=""sprite edit-pencil"" />Edit</a></span></h4>\n<p>When Meredith drowned in <a href=""/wiki/Elliott_Bay"" title=""Elliott Bay"">Elliott Bay</a>, she awoke in an afterlife, where she met, among others, a completely healthy Doc. <i>(""<a href=""/wiki/Some_Kind_of_Miracle"" title=""Some Kind of Miracle"">Some Kind of Miracle</a>"")</i>\n</p>']",['Surgery'],No actor listed.,multiple,"['S-2-EP-19', 'S-2-EP-11', 'S-2-EP-20', 'S-2-EP-12', 'S-2-EP-13', 'S-2-EP-14', 'S-2-EP-23', 'S-2-EP-25', 'S-2-EP-27', 'S-3-EP-17', 'S-3-EP-17']",Owner_of_a_Lonely_Heart,Owner of a Lonely Heart,Some_Kind_of_Miracle,Some Kind of Miracle,"['2', '3']"
27,William Dunn,male,minor,https://vignette.wikia.nocookie.net/greysanatomy/images/6/6a/513WilliamDunn.png/revision/latest/scale-to-width-down/350?cb=20130506020828,patient,"['Stab wounds', 'Beating injuries', 'Scalp laceration', 'Foreign body in spine', 'Brain contusions', 'Seizure']",[],"['Surgical extraction', 'Nephrectomy', 'Lorazepam', 'Surgery']",Eric Stoltz,multiple,"['S-5-EP-11', 'S-5-EP-12', 'S-5-EP-13', 'S-5-EP-13']",Wish_You_Were_Here,Wish You Were Here,Stairway_to_Heaven,Stairway to Heaven,['5']
27,"Denny Duquette, Jr.",male,minor,https://vignette.wikia.nocookie.net/greysanatomy/images/5/54/5x22-84.jpg/revision/latest/scale-to-width-down/333?cb=20150501140300,patient,['Congestive Heart Failure'],"['<h3><span class=""mw-headline"" id=""Heart_Transplant_and_Death"">Heart Transplant and Death</span><span class=""editsection""><a href=""/wiki/Denny_Duquette,_Jr.?action=edit&amp;section=4"" title=""Edit Heart Transplant and Death section""><img src=""data:image/gif;base64,R0lGODlhAQABAIABAAAAAP///yH5BAEAAAEALAAAAAABAAEAQAICTAEAOw%3D%3D"" class=""sprite edit-pencil"" />Edit</a></span></h3>\n<p>When a heart became available for Denny at <a href=""/wiki/Mercy_West_Medical_Center"" title=""Mercy West Medical Center"">Mercy West Medical Center</a>, he was prepped for the surgery. He decided before the surgery to sign a DNR, saying that he was done if he didn\'t get the heart.\n</p><p>When the donor flatlined, Burke tried to get the other donor\'s heart for Denny. In order to help his case, Izzie lied on the phone and said that Denny was getting worse. However, when they asked for labs to confirm, she realized she had to make his heart actually worse in order to fool them. She decided to cut his LVAD wire. Denny tried to stop her, but he relented when she started crying and said that she would never forgive him for making her love him if he died. <i>(""<a href=""/wiki/17_Seconds"" title=""17 Seconds"">17 Seconds</a>"")</i>\n</p>']","['LVAD', 'Heart Transplant']",Jeffrey Dean Morgan,multiple,"['S-2-EP-19', 'S-2-EP-20', 'S-2-EP-21', 'S-2-EP-13', 'S-2-EP-22', 'S-2-EP-23', 'S-2-EP-24', 'S-2-EP-25', 'S-2-EP-26', 'S-2-EP-27', 'S-3-EP-4', 'S-3-EP-16', 'S-3-EP-17', 'S-5-EP-9', 'S-5-EP-2', 'S-5-EP-10', 'S-5-EP-11', 'S-5-EP-12', 'S-5-EP-13', 'S-5-EP-22', 'S-5-EP-7', 'S-5-EP-23', 'S-5-EP-8', 'S-5-EP-23']",Begin_the_Begin,Begin the Begin,Here%27s_to_Future_Days,Here's to Future Days,"['2', '3', '5']"
27,James Evans,male,minor,https://vignette.wikia.nocookie.net/greysanatomy/images/e/e4/10x13-6.jpg/revision/latest/scale-to-width-down/333?cb=20140210234151,family,"['mitral regurgitation', 'Cancer']","['<h3><span class=""mw-headline"" id=""Decline_and_Death"">Decline and Death</span><span class=""editsection""><a href=""/wiki/James_Evans?action=edit&amp;section=6"" title=""Edit Decline and Death section""><img src=""data:image/gif;base64,R0lGODlhAQABAIABAAAAAP///yH5BAEAAAEALAAAAAABAAEAQAICTAEAOw%3D%3D"" class=""sprite edit-pencil"" />Edit</a></span></h3>\n<p>When Jimmy developed mitral regurgitation, Shane took him into surgery with only Leah to help him. Things went south quickly, but Shane refused to call anyone for help. When Leah figured out that Shane wasn\'t going to stop and Jimmy could die, she ran to get help. She brought back Webber, who managed to get Shane to step back and took over. <i>(""<a href=""/wiki/Get_Up,_Stand_Up"" title=""Get Up, Stand Up"">Get Up, Stand Up</a>"")</i>\n</p><p>Three weeks after his surgery, Jimmy was still alive, but struggling. Alex called <a href=""/wiki/Naomi_Evans"" title=""Naomi Evans"">Naomi</a> and told her Jimmy had died in order to get her to come visit. She came, but was angry to learn Jimmy was still alive. She took the guitar he\'d stolen from her and left. Jimmy woke up afterward and saw the guitar missing. He told Alex taking it was one of the lowest things he\'d done and he wanted to give it back, not knowing Naomi had come and taken it. When Jimmy started to struggle to breathe, Alex lied to Jimmy and told him Naomi and Nicky were on their way. He said he\'d told them Jimmy loved them. He assured him it was okay, that he could go. A few moments later, Jimmy died. <i>(""<a href=""/wiki/Take_It_Back"" title=""Take It Back"">Take It Back</a>"")</i>\n</p>']",['Surgery'],James Remar,multiple,"['S-10-EP-11', 'S-10-EP-4', 'S-10-EP-12', 'S-10-EP-5', 'S-10-EP-13', 'S-10-EP-6', 'S-10-EP-13']",Puttin%27_on_the_Ritz,Puttin' on the Ritz,Take_It_Back,Take It Back,['10']
27,Elizabeth Fallon,female,minor,https://vignette.wikia.nocookie.net/greysanatomy/images/d/df/3x17-21.jpg/revision/latest/scale-to-width-down/350?cb=20140208161145,patient,['Pancreatic Cancer'],[],['Palliative Care'],Anna Maria Horsford,multiple,['S-3-EP-17'],No_Man%27s_Land,No Man's Land,Some_Kind_of_Miracle,Some Kind of Miracle,"['1', '3']"
27,Jesse Fannon,male,minor,https://vignette.wikia.nocookie.net/greysanatomy/images/6/6d/221JesseFannon.png/revision/latest/scale-to-width-down/350?cb=20130413035736,patient,"['Obsessive-compulsive disorder', 'Blunt head trauma', 'Brain bleed']",[],['Surgery'],Omar Metwally,single,['S-2-EP-21'],Superstition,Superstition,Superstition,Superstition,['2']
27,Emile Flores,male,minor,https://vignette.wikia.nocookie.net/greysanatomy/images/3/32/6x14EmileFlores.png/revision/latest/scale-to-width-down/350?cb=20130822083712,patient,"['Broken ankle', 'Epidural bleed']",[],"['Reduction', 'Casting', 'Surgery']",Brian George,single,['S-6-EP-14'],Valentine%27s_Day_Massacre,Valentine's Day Massacre,Valentine%27s_Day_Massacre,Valentine's Day Massacre,['6']
27,Eugene Foote,male,minor,https://vignette.wikia.nocookie.net/greysanatomy/images/2/2d/223EugeneFoote.png/revision/latest/scale-to-width-down/350?cb=20130413145941,patient,['No diagnosis available'],[],['Surgery'],Albert Hall,single,['S-2-EP-23'],Blues_for_Sister_Someone,Blues for Sister Someone,Blues_for_Sister_Someone,Blues for Sister Someone,['2']
27,Jordan Franklin,male,minor,https://vignette.wikia.nocookie.net/greysanatomy/images/e/e6/109JordanFranklin.png/revision/latest/scale-to-width-down/350?cb=20130403050651,patient,"['Ascites', 'Liver disease', 'Hemochromatosis']",[],['Paracentesis'],Jack Shearer,single,['S-1-EP-9'],Who%27s_Zoomin%27_Who%3F,Who's Zoomin' Who?,Who%27s_Zoomin%27_Who%3F,Who's Zoomin' Who?,['1']
27,Peter Gekofsky,male,minor,https://vignette.wikia.nocookie.net/greysanatomy/images/7/77/6x18Gekko.png/revision/latest/scale-to-width-down/350?cb=20130828100611,attending,['No diagnosis available'],[],['IED explosion'],Aaron Perilo,single,['S-6-EP-18'],Suicide_is_Painless,Suicide is Painless,Suicide_is_Painless,Suicide is Painless,['6']
27,Stan Giamatti,male,minor,https://vignette.wikia.nocookie.net/greysanatomy/images/b/b4/409StanGiamatti.png/revision/latest/scale-to-width-down/350?cb=20130428005359,patient,"['Severe bleeding', 'Paralysis']",[],['No treatment available'],Theo Rossi,multiple,['S-4-EP-10'],"Crash_Into_Me,_Part_1","Crash Into Me, Part 1","Crash_Into_Me,_Part_2","Crash Into Me, Part 2",['4']
27,Brett Gibson,male,minor,https://vignette.wikia.nocookie.net/greysanatomy/images/2/2b/11x18BrettGibson.png/revision/latest/scale-to-width-down/350?cb=20150403063308,patient,"['Gunshot wounds', 'Stroke', 'Brain death']",[],"['Cricothyrotomy', 'Surgery', 'Tracheal repair', 'Organ harvest']",William Nicol,single,['S-11-EP-18'],When_I_Grow_Up,When I Grow Up,When_I_Grow_Up,When I Grow Up,['11']
27,Peter Gibson,male,minor,https://vignette.wikia.nocookie.net/greysanatomy/images/1/1e/11x18PeterGibson.png/revision/latest/scale-to-width-down/350?cb=20150517141553,patient,"['Gunshot wounds', 'Traumatic arrest', 'Brain death']",[],"['Subclavian line', 'Chest tubes', 'Organ harvest']",Jake Green,single,['S-11-EP-18'],When_I_Grow_Up,When I Grow Up,When_I_Grow_Up,When I Grow Up,['11']
27,Greta,female,minor,https://vignette.wikia.nocookie.net/greysanatomy/images/9/98/415Greta.png/revision/latest/scale-to-width-down/350?cb=20130429021521,patient,['Inoperable Glioma'],[],['Clinical Trial'],Regina Taylor,single,['S-4-EP-15'],Losing_My_Mind,Losing My Mind,Losing_My_Mind,Losing My Mind,['4']
27,Ellis Grey,female,minor,https://vignette.wikia.nocookie.net/greysanatomy/images/5/52/EllisGreyIB.png/revision/latest/scale-to-width-down/297?cb=20140712184607,family,"[""Alzheimer's disease"", 'Heart condition']","['<h3><span class=""mw-headline"" id=""Death"">Death</span><span class=""editsection""><a href=""/wiki/Ellis_Grey?action=edit&amp;section=14"" title=""Edit Death section""><img src=""data:image/gif;base64,R0lGODlhAQABAIABAAAAAP///yH5BAEAAAEALAAAAAABAAEAQAICTAEAOw%3D%3D"" class=""sprite edit-pencil"" />Edit</a></span></h3>\n<p>Ellis became agitated and aggressive, so she was given lorazepam to calm her down. Later that day, she coded and was unable to be resuscitated. <i>(""<a href=""/wiki/Some_Kind_of_Miracle"" title=""Some Kind of Miracle"">Some Kind of Miracle</a>"")</i>\n</p>\n<h3><span class=""mw-headline"" id=""Posthumous_History"">Posthumous History</span><span class=""editsection""><a href=""/wiki/Ellis_Grey?action=edit&amp;section=15"" title=""Edit Posthumous History section""><img src=""data:image/gif;base64,R0lGODlhAQABAIABAAAAAP///yH5BAEAAAEALAAAAAABAAEAQAICTAEAOw%3D%3D"" class=""sprite edit-pencil"" />Edit</a></span></h3>\n<h4><span class=""mw-headline"" id=""Meredith.27s_Near-Death_Experience"">Meredith\'s Near-Death Experience</span><span class=""editsection""><a href=""/wiki/Ellis_Grey?action=edit&amp;section=16"" title=""Edit Meredith&#039;s Near-Death Experience section""><img src=""data:image/gif;base64,R0lGODlhAQABAIABAAAAAP///yH5BAEAAAEALAAAAAABAAEAQAICTAEAOw%3D%3D"" class=""sprite edit-pencil"" />Edit</a></span></h4>\n<p>When Meredith drowned in <a href=""/wiki/Elliott_Bay"" title=""Elliott Bay"">Elliott Bay</a>, she saw her mother in a sort of afterlife, saying she didn\'t belong there. She said that Meredith was anything but ordinary before telling her to run. <i>(""<a href=""/wiki/Some_Kind_of_Miracle"" title=""Some Kind of Miracle"">Some Kind of Miracle</a>"")</i>\n</p>']",['Surgery'],Kate Burton,multiple,"['S-1-EP-1', 'S-1-EP-4', 'S-1-EP-5', 'S-2-EP-3', 'S-2-EP-4', 'S-2-EP-13', 'S-2-EP-5', 'S-2-EP-15', 'S-2-EP-18', 'S-3-EP-1', 'S-3-EP-10', 'S-3-EP-14', 'S-3-EP-15', 'S-3-EP-8', 'S-3-EP-17', 'S-6-EP-15', 'S-8-EP-13', 'S-11-EP-1', 'S-11-EP-4', 'S-11-EP-22', 'S-14-EP-7', 'S-14-EP-7']",A_Hard_Day%27s_Night,A Hard Day's Night,"Who_Lives,_Who_Dies,_Who_Tells_Your_Story","Who Lives, Who Dies, Who Tells Your Story","['1', '2', '3', '6', '8', '11', '14']"
27,Lexie Grey,female,minor,https://vignette.wikia.nocookie.net/greysanatomy/images/c/c5/8x18-26.jpg/revision/latest/scale-to-width-down/333?cb=20160413120108,intern resident,['Plane Crash injuries'],"['<h3><span class=""mw-headline"" id=""Plane_Crash_and_Death"">Plane Crash and Death</span><span class=""editsection""><a href=""/wiki/Lexie_Grey?action=edit&amp;section=15"" title=""Edit Plane Crash and Death section""><img src=""data:image/gif;base64,R0lGODlhAQABAIABAAAAAP///yH5BAEAAAEALAAAAAABAAEAQAICTAEAOw%3D%3D"" class=""sprite edit-pencil"" />Edit</a></span></h3>\n<p>She was on a plane that crashed with\xc2\xa0<a href=""/wiki/Meredith_Grey"" title=""Meredith Grey"">Meredith</a>, <a href=""/wiki/Cristina_Yang"" title=""Cristina Yang"">Cristina</a>, <a href=""/wiki/Arizona_Robbins"" title=""Arizona Robbins"">Arizona</a>, <a href=""/wiki/Mark_Sloan"" title=""Mark Sloan"">Mark</a>, and <a href=""/wiki/Derek_Shepherd"" title=""Derek Shepherd"">Derek</a>, going to another hospital for surgery to separate conjoined twins. Suddenly, the back of the plane broke off and the plane crashed in the woods.<sup id=""cite_ref-6"" class=""reference""><a href=""#cite_note-6"">[7]</a></sup>\n</p>\n<figure class=""article-thumb tright show-info-icon"" style=""width: 300px""> \t<a href=""https://vignette.wikia.nocookie.net/greysanatomy/images/2/2f/8x24-57.jpg/revision/latest?cb=20130522123257"" \tclass=""image image-thumbnail"" \t \t \t><img src=""data:image/gif;base64,R0lGODlhAQABAIABAAAAAP///yH5BAEAAAEALAAAAAABAAEAQAICTAEAOw%3D%3D"" \t alt=""8x24-57""  \tclass=""thumbimage lzy lzyPlcHld "" \t \tdata-image-key=""8x24-57.jpg"" \tdata-image-name=""8x24-57.jpg"" \t data-src=""https://vignette.wikia.nocookie.net/greysanatomy/images/2/2f/8x24-57.jpg/revision/latest/scale-to-width-down/300?cb=20130522123257""  \t width=""300""  \t height=""169""  \t \t \t onload=""if(typeof ImgLzy===&#39;object&#39;){ImgLzy.load(this)}""  \t><noscript><img src=""https://vignette.wikia.nocookie.net/greysanatomy/images/2/2f/8x24-57.jpg/revision/latest/scale-to-width-down/300?cb=20130522123257"" \t alt=""8x24-57""  \tclass=""thumbimage "" \t \tdata-image-key=""8x24-57.jpg"" \tdata-image-name=""8x24-57.jpg"" \t \t width=""300""  \t height=""169""  \t \t \t \t></noscript></a>  \t<figcaption> \t\t \t\t\t<a href=""/wiki/File:8x24-57.jpg"" class=""sprite info-icon""></a> \t\t \t\t \t\t \t\t\t<p class=""caption"">Mark finds Lexie trapped under the plane.</p>']",['No treatment available.'],Chyler Leigh,multiple,"['S-3-EP-24', 'S-3-EP-25', 'S-4-EP-1', 'S-4-EP-7', 'S-4-EP-13', 'S-4-EP-2', 'S-4-EP-8', 'S-4-EP-14', 'S-4-EP-3', 'S-4-EP-9', 'S-4-EP-15', 'S-4-EP-4', 'S-4-EP-10', 'S-4-EP-16', 'S-4-EP-5', 'S-4-EP-11', 'S-4-EP-17', 'S-4-EP-6', 'S-4-EP-12', 'S-5-EP-1', 'S-5-EP-9', 'S-5-EP-17', 'S-5-EP-2', 'S-5-EP-10', 'S-5-EP-18', 'S-5-EP-3', 'S-5-EP-11', 'S-5-EP-19', 'S-5-EP-4', 'S-5-EP-12', 'S-5-EP-20', 'S-5-EP-5', 'S-5-EP-13', 'S-5-EP-21', 'S-5-EP-6', 'S-5-EP-14', 'S-5-EP-22', 'S-5-EP-7', 'S-5-EP-15', 'S-5-EP-23', 'S-5-EP-8', 'S-5-EP-16', 'S-5-EP-24', 'S-6-EP-1', 'S-6-EP-9', 'S-6-EP-17', 'S-6-EP-2', 'S-6-EP-10', 'S-6-EP-18', 'S-6-EP-3', 'S-6-EP-11', 'S-6-EP-19', 'S-6-EP-4', 'S-6-EP-12', 'S-6-EP-20', 'S-6-EP-5', 'S-6-EP-13', 'S-6-EP-21', 'S-6-EP-6', 'S-6-EP-14', 'S-6-EP-22', 'S-6-EP-7', 'S-6-EP-15', 'S-6-EP-23', 'S-6-EP-8', 'S-6-EP-16', 'S-6-EP-24', 'S-7-EP-1', 'S-7-EP-9', 'S-7-EP-17', 'S-7-EP-2', 'S-7-EP-10', 'S-7-EP-18', 'S-7-EP-3', 'S-7-EP-11', 'S-7-EP-19', 'S-7-EP-4', 'S-7-EP-12', 'S-7-EP-20', 'S-7-EP-5', 'S-7-EP-13', 'S-7-EP-21', 'S-7-EP-6', 'S-7-EP-14', 'S-7-EP-22', 'S-7-EP-7', 'S-7-EP-15', 'S-7-EP-8', 'S-7-EP-16', 'S-8-EP-1', 'S-8-EP-9', 'S-8-EP-17', 'S-8-EP-2', 'S-8-EP-10', 'S-8-EP-18', 'S-8-EP-11', 'S-8-EP-19', 'S-8-EP-4', 'S-8-EP-12', 'S-8-EP-20', 'S-8-EP-5', 'S-8-EP-13', 'S-8-EP-21', 'S-8-EP-6', 'S-8-EP-14', 'S-8-EP-22', 'S-8-EP-7', 'S-8-EP-15', 'S-8-EP-23', 'S-8-EP-8', 'S-8-EP-16', 'S-8-EP-24', 'S-5-EP-15', 'S-3-EP-24', 'S-8-EP-24']",Testing_1-2-3,Testing 1-2-3,Flight,Flight,"['3', '4', '5', '6', '7', '8']"
27,Susan Grey,female,minor,https://vignette.wikia.nocookie.net/greysanatomy/images/8/86/3x20-9.jpg/revision/latest/scale-to-width-down/350?cb=20140215092514,family,"['septic', 'toxic megacolon', 'hiccups']","['<h3><span class=""mw-headline"" id=""Death"">Death</span><span class=""editsection""><a href=""/wiki/Susan_Grey?action=edit&amp;section=5"" title=""Edit Death section""><img src=""data:image/gif;base64,R0lGODlhAQABAIABAAAAAP///yH5BAEAAAEALAAAAAABAAEAQAICTAEAOw%3D%3D"" class=""sprite edit-pencil"" />Edit</a></span></h3>\n<p>She came to the clinic complaining of long-lasting hiccups and acid reflux. She said it had been getting worse. They gave her chlorpromazine, which stopped the hiccups, and sent her home. She came back when the hiccups came back. They scheduled endoscopic gastroplication. They did the procedure and Susan hiccuped the entire time. After her procedure, she was taken home. <i>(""<a href=""/wiki/The_Other_Side_of_This_Life,_Part_1"" title=""The Other Side of This Life, Part 1"">The Other Side of This Life, Part 1</a>"")</i>\n</p><p>Susan ended up back in the hospital with a fever. They suspected she had an infection, so they ran tests and gave her IV antibiotics. They then placed a central line so she could continue her antibiotics at home. She ended up in the hospital with cramping pain. She was septic and had a toxic megacolon with a perforation and had to be rushed into surgery. Despite their best efforts, Susan died in surgery. <i>(""<a href=""/wiki/The_Other_Side_of_This_Life,_Part_2"" title=""The Other Side of This Life, Part 2"">The Other Side of This Life, Part 2</a>"")</i>\n</p>']",['Surgery'],Mare Winningham,multiple,"['S-2-EP-22', 'S-3-EP-10', 'S-3-EP-20', 'S-3-EP-22', 'S-3-EP-23', 'S-3-EP-18', 'S-3-EP-23']",The_Name_of_the_Game,The Name of the Game,"The_Other_Side_of_This_Life,_Part_2","The Other Side of This Life, Part 2","['2', '3']"
27,Nick Hanscom,male,minor,https://vignette.wikia.nocookie.net/greysanatomy/images/1/18/4x10-7.jpg/revision/latest/scale-to-width-down/350?cb=20140501135757,patient,"['Carotid tumor', 'Blown artery', 'Carotid bleed', 'Stroke']",[],"['Tumor resection', 'Pressure dressing', 'Surgery']",Seth Green,multiple,['S-4-EP-10'],"Crash_Into_Me,_Part_1","Crash Into Me, Part 1","Crash_Into_Me,_Part_2","Crash Into Me, Part 2",['4']
27,Jen Harmon,female,minor,https://vignette.wikia.nocookie.net/greysanatomy/images/7/71/PP2x16-3.jpg/revision/latest/scale-to-width-down/333?cb=20140904174554,patient,"['Pregnancy', 'Pregnancy-induced hypertension', 'Seizure', 'Aneurysm', 'Mirror Syndrome', 'Congestive heart failure', 'Hemolysis', 'Fetal anemia', 'Aphasia', 'Mini-strokes', 'Pre-eclampsia']","['<h3><span class=""mw-headline"" id=""Death"">Death</span><span class=""editsection""><a href=""/wiki/Jen_Harmon?action=edit&amp;section=4"" title=""Edit Death section""><img src=""data:image/gif;base64,R0lGODlhAQABAIABAAAAAP///yH5BAEAAAEALAAAAAABAAEAQAICTAEAOw%3D%3D"" class=""sprite edit-pencil"" />Edit</a></span></h3>\n<p>Jen was stable after her surgery, but unable to speak clearly due to blood flow issues, Derek stayed by her bedside for several hours, guilty for having nicked the aneurysm in her first surgery. Derek took her into surgery for a EC-IC Bypass to stop the mini-strokes she was having. Addison came into the surgery to monitor the baby throughout. In surgery, Jen and the baby became unstable. Addison wanted to deliver the baby, but Derek asked her to wait. He stabilized Jen just before she made the incision to deliver. After her surgery, the aphasia had cleared, but she had developed pre-eclampsia. Later, her patch blew and she had to be taken back into surgery. Derek made the radical decision to remove her temporal lobe. When the bleeding spread into her frontal lobe, he decided to remove that as well. Addison objected and eventually had to call in <a href=""/wiki/Richard_Webber"" title=""Richard Webber"">The Chief</a> to get Derek to back down and allow Addison to deliver the baby. Addison did the c-section and Jen was pronounced dead shortly after. <i>(""<a href=""/wiki/An_Honest_Mistake"" title=""An Honest Mistake"">An Honest Mistake</a>"")</i>\n</p>\n<h3><span class=""mw-headline"" id=""Lawsuit"">Lawsuit</span><span class=""editsection""><a href=""/wiki/Jen_Harmon?action=edit&amp;section=5"" title=""Edit Lawsuit section""><img src=""data:image/gif;base64,R0lGODlhAQABAIABAAAAAP///yH5BAEAAAEALAAAAAABAAEAQAICTAEAOw%3D%3D"" class=""sprite edit-pencil"" />Edit</a></span></h3>\n<p>Derek was later deposed for a lawsuit because of Jen\'s death. <i>(""<a href=""/wiki/I_Will_Follow_You_Into_the_Dark"" title=""I Will Follow You Into the Dark"">I Will Follow You Into the Dark</a>"")</i>\n</p>']","['Craniotomy', 'Bronchodilator', 'Intrauterine transfusion', 'Steroids', 'EC/IC bypass', 'Temporal lobectomy', 'C-section delivery']",Jennifer Westfeldt,multiple,"['S-5-EP-14', 'S-5-EP-15', 'S-5-EP-16', 'S-2-EP-16', 'S-5-EP-14', 'S-5-EP-16']",Beat_Your_Heart_Out,Beat Your Heart Out,An_Honest_Mistake,An Honest Mistake,"['5', '2']"
27,Randy Helsby,male,minor,https://vignette.wikia.nocookie.net/greysanatomy/images/5/5e/6x04Randy.png/revision/latest/scale-to-width-down/350?cb=20130506160739,patient,['Abdominal sarcoma'],[],['Surgery'],Jocko Sims,single,['S-6-EP-4'],Tainted_Obligation,Tainted Obligation,Tainted_Obligation,Tainted Obligation,['6']
27,Emily Jensen,female,minor,https://vignette.wikia.nocookie.net/greysanatomy/images/5/56/11x07EmilyJensen.png/revision/latest/scale-to-width-down/350?cb=20141116084242,patient,"['Pregnancy', 'Placenta Percreta']",[],['C-section delivery'],Luciana Faulhaber,single,['S-11-EP-7'],"Could_We_Start_Again,_Please%3F","Could We Start Again, Please?","Could_We_Start_Again,_Please%3F","Could We Start Again, Please?",['11']
27,JJ,female,minor,https://vignette.wikia.nocookie.net/greysanatomy/images/7/7b/11x22JJ.png/revision/latest/scale-to-width-down/350?cb=20150516160403,patient,['Severe burns'],[],['Debridement'],Nicole Sullivan,single,['S-11-EP-22'],She%27s_Leaving_Home,She's Leaving Home,She%27s_Leaving_Home,She's Leaving Home,['11']
27,Jordan,male,minor,https://vignette.wikia.nocookie.net/greysanatomy/images/0/01/522Jordan.png/revision/latest/scale-to-width-down/350?cb=20130526031103,patient,['No diagnosis available'],[],['Heart attack'],Roberto Urbina,single,['S-5-EP-22'],What_a_Difference_a_Day_Makes,What a Difference a Day Makes,What_a_Difference_a_Day_Makes,What a Difference a Day Makes,['5']
27,Kathleen Kane,female,minor,https://vignette.wikia.nocookie.net/greysanatomy/images/8/81/10x03KathleenKane.png/revision/latest/scale-to-width-down/350?cb=20131004174124,patient,"[""Colles' fracture"", 'Puncture wounds', 'Coagulation disorder', 'Stroke']","['<h3><span class=""mw-headline"" id=""Hospitalization_and_Death"">Hospitalization and Death</span><span class=""editsection""><a href=""/wiki/Kathleen_Kane?action=edit&amp;section=3"" title=""Edit Hospitalization and Death section""><img src=""data:image/gif;base64,R0lGODlhAQABAIABAAAAAP///yH5BAEAAAEALAAAAAABAAEAQAICTAEAOw%3D%3D"" class=""sprite edit-pencil"" />Edit</a></span></h3>\n<p>Kathleen was struck by bits of a shattered baseball bat after the machine became jammed and the bat shattered. In addition to puncture wounds, she had a Colles\' fracture, which was set in the <a href=""/wiki/Emergency_Room"" title=""Emergency Room"">ER</a>. During the surgery, <a href=""/wiki/April_Kepner"" title=""April Kepner"">April Kepner</a> cut her clavicle in order to access and stop some bleeding in the area. Despite Callie\'s best efforts, Kathleen had a stroke due to a clot that formed because Kathleen had an unknown coagulation disorder and she couldn\'t save Kathleen\'s life and she died on the table.\n</p><p>Following the surgery, Leah was prepared to tell Dante about the affair. However, Callie stepped in before she could say it and told Dante that Kathleen had said that she loved him.\n</p>']","['Surgery', 'Splinting']",Molly Leland,single,['S-10-EP-3'],Everybody%27s_Crying_Mercy,Everybody's Crying Mercy,Everybody%27s_Crying_Mercy,Everybody's Crying Mercy,['10']
27,Veronica Kays,female,minor,https://vignette.wikia.nocookie.net/greysanatomy/images/3/3d/13x21VeronicaKays.png/revision/latest/scale-to-width-down/350?cb=20170511203501,patient,"['Contact dermatitis', 'Pregnancy', 'Advanced pancreatic cancer', 'Spinal met', 'Pulmonary embolus']","['<h3><span class=""mw-headline"" id=""Baby.27s_Birth_and_Her_Death"">Baby\'s Birth and Her Death</span><span class=""editsection""><a href=""/wiki/Veronica_Kays?action=edit&amp;section=5"" title=""Edit Baby&#039;s Birth and Her Death section""><img src=""data:image/gif;base64,R0lGODlhAQABAIABAAAAAP///yH5BAEAAAEALAAAAAABAAEAQAICTAEAOw%3D%3D"" class=""sprite edit-pencil"" />Edit</a></span></h3>\n<p>When she was 34 weeks and 3 days pregnant, Veronica came back to the hospital with back pain, which she\'d had for a week. An MRI showed that the cancer had spread to her spine and she needed to have a c-section that day. Before her surgery, she signed a DNR. Arizona easily delivered her baby, but she developed a clot that went to her lung and she struggled to breathe after the delivery. They said she could rescind her DNR, but she said she was tired and so they just stayed with he